,precision,recall,f1-score,support
0,0.48833333333333334,0.41151685393258425,0.44664634146341464,712.0
1,0.5802171290711701,0.49333333333333335,0.533259423503326,975.0
2,0.08734939759036145,0.3918918918918919,0.14285714285714288,74.0
accuracy,0.4559909142532652,0.4559909142532652,0.4559909142532652,0.4559909142532652
macro avg,0.38529995333162165,0.4322473597192698,0.37425430260796116,1761.0
weighted avg,0.5223559850081834,0.4559909142532652,0.4818350718961514,1761.0
