,precision,recall,f1-score,support
0,0.4896103896103896,0.5294943820224719,0.5087719298245613,712.0
1,0.6067285382830626,0.5364102564102564,0.5694066412629286,975.0
2,0.11627906976744186,0.20270270270270271,0.14778325123152708,74.0
accuracy,0.5195911413969335,0.5195911413969335,0.5195911413969335,0.5195911413969335
macro avg,0.404205999220298,0.4228691137118103,0.4086539407730057,1761.0
weighted avg,0.538766367627129,0.5195911413969335,0.5271737932183851,1761.0
