,precision,recall,f1-score,support
0,0.49382716049382713,0.5056179775280899,0.4996530187369882,712.0
1,0.6028985507246377,0.4266666666666667,0.49969969969969974,975.0
2,0.07894736842105263,0.36486486486486486,0.12980769230769232,74.0
accuracy,0.4559909142532652,0.4559909142532652,0.4559909142532652,0.4559909142532652
macro avg,0.3918910265465058,0.4323831696865405,0.3763868035814601,1761.0
weighted avg,0.5367820161790372,0.4559909142532652,0.48413737977212506,1761.0
