,precision,recall,f1-score,support
0,0.6105263157894737,0.16292134831460675,0.2572062084257207,712.0
1,0.5803195962994113,0.7076923076923077,0.6377079482439927,975.0
2,0.08376963350785341,0.43243243243243246,0.14035087719298248,74.0
accuracy,0.47586598523566154,0.47586598523566154,0.47586598523566154,0.47586598523566154
macro avg,0.4248718485322462,0.43434869614644894,0.3450883446208986,1761.0
weighted avg,0.5716668348174971,0.47586598523566154,0.4629653803800605,1761.0
