,precision,recall,f1-score,support
0,0.5019556714471969,0.5407303370786517,0.5206220419202163,712.0
1,0.6245161290322581,0.49641025641025643,0.5531428571428572,975.0
2,0.1141552511415525,0.33783783783783783,0.1706484641638225,74.0
accuracy,0.5076660988074957,0.5076660988074957,0.5076660988074957,0.5076660988074957
macro avg,0.4135423505403358,0.45832614377558195,0.4148044544089653,1761.0
weighted avg,0.5535168384221071,0.5076660988074957,0.5239211617885307,1761.0
