,precision,recall,f1-score,support
0,0.5675675675675675,0.2949438202247191,0.38817005545286504,712.0
1,0.6078431372549019,0.6676923076923077,0.6363636363636364,975.0
2,0.096875,0.4189189189189189,0.15736040609137056,74.0
accuracy,0.5065303804656445,0.5065303804656445,0.5065303804656445,0.5065303804656445
macro avg,0.4240952349408232,0.46051834894531524,0.39396469930262396,1761.0
weighted avg,0.5700874031411911,0.5065303804656445,0.5158865956773122,1761.0
